{
    "assetsUrlPrefix": "/assets",
    "extensionsUrlPrefix": "/extensions",
    "subscriptionsUrlPrefix": "/subscriptions",
    "tenantConfigs": "/_system/config/store/configs/store.json",
    "socialCommentsEnable": true,
    "cached": false,
    "rxt": {
        "CONFIG_BASE_PATH": "/_system/config/store/configs/",
        "EXTENSION_PATH": "extensions/assets/",
        "ASSET_SCRIPT_PATH": "/asset.js",
        "DEFAULT_ASSET_SCRIPT": "/extensions/assets/default/asset.js"
    },
    "server": {
        "https": "%https.host%",
        "http": "%http.host%",
        "context" : "/store",
        "proxyServer" : ""
    },
    "lifeCycleBehaviour": {
        "visibleIn": ["Published"]
    },
    "socialAppConnectionInfo": {
        "script": "%https.host%/social/export-js/social.js",
        "scriptType": "text/javascript",
        "socialAppUrl": "../../../social/"
    },
    "authentication": {
        "activeMethod": "sso",
        "methods": {
            "sso": {
                "attributes": {
                    "issuer": "store",
                    "identityProviderURL": "https://localhost:9443/samlsso",
                    "responseSigningEnabled": false,
                    "acs": "https://192.168.8.102:9444/store/acs",
                    "identityAlias": "wso2carbon",
                    "defaultNameIDPolicy": "urn:oasis:names:tc:SAML:1.1:nameid-format:unspecified",
                    "useTenantKey": false,
                    "isPassive":false,
                    "validateAssertionValidityPeriod": true,
                    "validateAudienceRestriction": true,
                    "assertionSigningEnabled": false
                }
            },
            "basic": {
                "attributes": {
                    "loginURL":"%https.host%/%context%/pages/basic-auth-login"
                }
            }
        }
    },
    "search": {
        "defaultSearchTemplate":"name=*$input* OR *$input*"
    },
    "metrics":{
        "enabled":false,
        "enableTraceLogs":false
    },
    "version": "5.4.0"
}
