{
    "server": {
        "https": "%https.host%",
        "http": "%http.host%",
        "context" : "/publisher",
        "proxyServer" : ""
    },
    "user": {
        "username": "admin",
        "password": "admin"
    },
    "rxt": {
        "CONFIG_BASE_PATH": "/_system/config/store/configs/",
        "EXTENSION_PATH": "extensions/assets/",
        "ASSET_SCRIPT_PATH": "/asset.js",
        "DEFAULT_ASSET_SCRIPT": "/extensions/assets/default/asset.js"
    },
    "tenantConfigs": "/_system/config/publisher/configs/publisher.json",
    "app": {
        "RXT_MANAGER": "rxt_manager",
        "ROUTE_MANAGER": "route_manager",
        "MODEL_MANAGER": "model_manager"
    },
    "lifeCycleBehaviour": {
        "SampleLifeCycle2": {
            "onAttach": {
                "action": "Promote"
            }
        },
        "MobileAppLifeCycle": {
            "onAttach": {
                "action": "Create"
            }
        }
    },
    "paths": {
        "ASSET_EXT_PATH": "/assets",
        "ASSET_DEFAULT_PATH": "/assets/default",
        "ASSETS_EXT_PATH": "/assets",
        "ASSETS_DEFAULT_PATH": "/assets/default",
        "RXT_EXTENSION_PATH": "/config/ext/"
    },
    "urls": {
        "ASSET": "/asset",
        "ASSETS": "/assets",
        "EXTENSIONS": "/extensions"
    },
    "router": {
        "RENDERER": "/modules/router.caramel-renderer.js"
    },
    "authentication": { 
             "activeMethod": "sso", 
             "methods": { 
               "sso": { 
                 "attributes": { 
                    "issuer": "publisher",
                    "identityProviderURL": "https://localhost:9443/samlsso",
                    "responseSigningEnabled": false,
                    "acs": "https://192.168.8.102:9444/publisher/acs",
                    "identityAlias": "wso2carbon",
                    "defaultNameIDPolicy": "urn:oasis:names:tc:SAML:1.1:nameid-format:unspecified",
                    "useTenantKey": false,
                    "isPassive":false,
                    "validateAssertionValidityPeriod": true,
                    "validateAudienceRestriction": true,
                    "assertionSigningEnabled": false
                 } 
               },
            "basic": {
                "attributes": {
                    "loginURL": "%https.host%/%context%/pages/basic-auth-login"
                }
            }
        }
    },
    "search": {
        "defaultSearchTemplate":"name=*$input* OR *$input*"
    },
    "metrics": {
        "enabled": false,
        "enableTraceLogs": false
    },
    "constants": {
        "assetCreatedDateLength": 20
    },
    "storeUrl": "%https.host%/store",
    "version": "5.4.0"
}
